{"cameraMode":{"drawMode":0,"name":"Shaded","section":"Shading Mode"},"sceneLighting":false,"audioPlay":false,"sceneViewState":{"showFog":true,"showMaterialUpdate":false,"showSkybox":true,"showFlares":true,"showImageEffects":true,"showParticleSystems":true},"in2DMode":false,"pivot":{"x":-24.015737533569337,"y":-52.909610748291019,"z":-40.74390411376953},"rotation":{"x":-0.4240839183330536,"y":-0.09210652858018875,"z":0.043408170342445376,"w":-0.8998804688453674},"size":179.28492736816407,"orthographic":false}