{"cameraMode":{"drawMode":0,"name":"Shaded","section":"Shading Mode"},"sceneLighting":false,"audioPlay":false,"sceneViewState":{"showFog":true,"showMaterialUpdate":false,"showSkybox":true,"showFlares":true,"showImageEffects":true,"showParticleSystems":true},"in2DMode":false,"pivot":{"x":8.326499938964844,"y":10.171501159667969,"z":2.0865001678466799},"rotation":{"x":-0.19201497733592988,"y":-0.34204742312431338,"z":0.07161825150251389,"w":-0.9170630574226379},"size":73.18852233886719,"orthographic":false}